,lc_n,counter,t0,tE,u0,log10(q1),log10(q2),dis1,dis2,log10(ro_star),mbase,fbW,chi_binary,chi_triple,Delta chi,ndat
0,1,1933,45.71868,37.8034,0.0236,-2.06466,-3.75779,25.59442,0.00595,-2.22625,16.9833,0.9277,4923.02,427390.42,422467.4,5138
1,2,2455,49.40915,7.7625,0.4425,-1.36278,-4.52301,5.27979,6.61749,-2.31666,19.2696,0.6522,1431.55,1555.58,124.03,1475
2,3,2508,35.35915,8.6062,0.066,-4.37107,-3.01917,1.04364,6.22846,-2.92841,19.6625,0.8834,1535.23,538691.33,537156.11,1635
3,4,175,54.70412,12.3658,0.1502,-3.81919,-3.74219,1.1694,0.06051,-3.03834,21.0063,0.7034,1707.74,81528.58,79820.84,1868
4,5,2044,2.20651,18.5033,0.1007,-2.80864,-2.99327,0.96052,0.04557,-2.54468,18.4905,0.974,2009.1,106741.47,104732.37,1968
5,6,3080,4.7002,2.1834,0.0959,-3.76688,-4.20888,1.06691,0.91364,-1.90701,19.3324,0.8679,367.84,846.26,478.42,415
6,7,2957,4.21932,14.7026,0.0409,-3.28276,-3.55831,0.43517,0.11645,-2.51851,19.7439,0.8429,1898.34,44023.24,42124.9,1798
7,8,3048,1.06571,10.4381,0.1477,-3.20746,-3.74324,1.03731,1.36453,-3.01601,18.7742,0.1223,1056.37,22216.36,21159.99,1092
8,9,1668,3.22774,11.9216,0.0176,-3.30159,-3.9317,0.21796,3.56358,-2.84894,20.073,0.8149,1380.05,14820.37,13440.32,1439
9,10,1545,32.77624,12.2341,0.1392,-3.71604,-3.30855,0.7892,0.30685,-2.56184,19.793,0.7746,2197.81,106587.26,104389.45,2325
10,11,298,10.76725,31.8936,0.0766,-3.6256,-3.62073,0.82092,14.18018,-3.25806,19.9112,0.1063,3946.67,827795.74,823849.07,4052
11,12,3025,6.81187,9.6351,0.0275,-2.51227,-2.94864,4.41636,0.03238,-2.32145,20.1575,0.609,1451.58,96162.02,94710.44,1562
12,13,935,12.04497,28.0233,0.0077,-3.6047,-3.98094,0.3155,0.0052,-3.13942,19.5736,0.1327,3674.39,169317.55,165643.17,3806
13,14,2594,31.94466,8.4497,0.1571,-1.93903,-3.89792,37.67434,23.12597,-2.64373,18.5648,0.8424,1556.85,37202.54,35645.69,1606
14,15,2079,40.80432,11.3504,0.9097,-1.87235,-3.64821,0.23612,37.33114,-1.61879,15.6265,0.993,2051.83,5443.15,3391.32,2157
15,16,607,48.30511,26.1735,0.0033,-3.35228,-3.7866,8.34384,17.02219,-2.87729,18.6795,0.3175,3655.47,861543.14,857887.68,3787
16,17,902,59.28689,10.5915,0.3262,-2.04007,-3.51034,15.07292,0.13692,-2.09817,17.2484,0.865,1166.88,3756.26,2589.38,1264
17,18,1624,20.27887,20.5285,0.0614,-3.17741,-3.95643,0.61697,15.62381,-3.14014,19.0618,0.1237,3694.93,123108.28,119413.35,3876
18,19,2048,42.78846,76.6411,0.1457,-3.38159,-4.81462,1.16448,13.59092,-3.30539,16.5795,0.2934,5862.21,142135.22,136273.0,5889
19,20,2119,40.15161,15.1163,0.0862,-3.80562,-3.31392,0.66533,32.68494,-2.63371,17.754,0.78,2706.19,783154.73,780448.54,2872
20,21,1368,11.74331,12.9143,0.1274,-2.90874,-2.95667,2.06946,8.29576,-2.82501,20.4934,0.6271,2127.25,268952.04,266824.8,2342
21,22,946,8.83211,10.831,0.9128,-2.21844,-4.23461,1.82166,0.61964,-2.25942,21.6406,0.7025,1776.56,1782.4,5.84,1868
22,23,1726,12.27367,13.6689,0.3417,-3.50983,-3.39841,0.55826,0.00385,-2.60112,18.0231,0.8843,2397.97,76940.02,74542.05,2464
23,24,2916,5.97827,13.9325,0.3469,-3.73078,-3.401,1.29439,0.02954,-3.16628,20.0159,0.8523,1784.0,5337.9,3553.9,1891
24,25,3135,10.98969,12.2097,0.0141,-3.21459,-3.31297,0.74228,4.9092,-3.02292,21.4288,0.5948,2189.05,253658.19,251469.14,2204
25,26,1762,23.46162,15.2311,0.0559,-4.16586,-4.59936,1.27958,0.70451,-3.26648,18.9028,0.4739,2700.8,54046.09,51345.29,2894
26,27,2664,7.10377,256.0871,0.0456,-2.96795,-3.23775,1.42027,14.6059,-2.89613,18.3719,0.9866,5705.2,2788820.93,2783115.73,5890
27,28,2370,29.39212,31.4949,0.3476,-4.08073,-3.57168,1.07301,13.37707,-2.76922,17.2526,0.7061,5633.82,137147.14,131513.32,5784
28,29,842,16.21869,27.1165,0.4889,-3.20482,-3.55902,0.75428,5.92226,-2.96257,19.7772,0.7644,4159.35,21169.52,17010.17,4116
29,30,2358,40.16951,49.3063,0.2458,-3.69103,-4.34876,0.90579,1.01159,-3.10752,18.911,0.0741,5758.37,8687.86,2929.49,5890
30,31,1094,30.50563,20.1436,0.3962,-4.5841,-3.01367,1.27551,0.68688,-2.93181,20.5349,0.2356,3808.9,4681.11,872.22,3827
31,32,2575,28.91465,36.1067,0.0729,-3.51209,-2.47216,1.36045,0.13468,-2.99448,18.1401,0.3315,5657.66,6615187.11,6609529.45,5889
32,33,2687,29.27979,12.6653,0.0034,-3.47107,-3.71649,0.15228,1.00689,-2.61032,20.0171,0.4208,2397.82,41119.74,38721.92,2407
33,34,137,60.51932,5.9276,0.1181,-3.28012,-3.07525,0.78887,5.07999,-2.52041,20.5121,0.8738,679.46,67474.11,66794.65,704
34,35,1458,33.88539,8.3275,0.0199,-3.16724,-3.49811,1.76596,4.21165,-2.51084,19.2891,0.892,1576.35,51015.42,49439.07,1582
35,36,529,54.74011,9.9021,0.1886,-2.74896,-4.01926,0.70323,0.04463,-2.65829,19.8931,0.8508,1647.14,6467.53,4820.39,1631
36,37,2529,18.95007,15.1712,0.461,-3.36445,-2.4624,1.20883,0.99647,-2.42166,18.3579,0.9458,2761.19,19311.55,16550.36,2883
37,38,2489,15.3695,44.6197,0.1988,-3.64248,-3.66327,0.94388,0.1019,-2.58554,19.5994,0.9495,5446.36,33033.45,27587.09,5698
38,39,1801,38.99219,46.153,0.2749,-3.74384,-4.40233,1.15144,0.07014,-2.68664,19.4463,0.9695,5744.09,880820.84,875076.75,5889
39,40,2397,32.71627,65.0677,0.4773,-3.60203,-4.31903,0.69352,1.31426,-2.71294,18.3605,0.4175,5822.35,9094.42,3272.07,5890
40,41,3027,10.4523,50.9694,0.516,-2.11696,-2.03971,1.12099,0.08967,-3.19132,16.6829,0.96,5716.55,184927.99,179211.44,5834
41,42,2152,16.22733,19.1536,0.2924,-4.13209,-4.66763,0.89172,0.18799,-2.83215,18.1352,0.719,3254.84,54820.82,51565.98,3361
42,43,2306,4.71515,6.2265,0.8536,-3.96285,-3.33714,0.62734,3.03497,-2.53143,19.2211,0.9584,994.13,3893.19,2899.07,1039
43,44,1872,28.22793,55.6158,0.005,-3.4299,-3.79061,2.66631,0.05179,-3.00039,19.4142,0.2281,5854.17,933442.09,927587.91,5889
44,45,708,7.90392,16.83,0.0632,-2.72325,-3.63112,16.04648,0.10506,-2.54584,18.4671,0.4251,2283.51,57222.14,54938.64,2350
45,46,2646,28.73578,72.8195,0.1008,-3.94386,-3.96676,1.08788,3.80556,-2.74943,18.5483,0.5036,5782.9,184186.51,178403.61,5889
46,47,1555,43.85056,23.853,0.2363,-2.80104,-3.75504,1.55492,0.31202,-2.92897,18.0765,0.1124,3793.06,51570.27,47777.21,3990
47,48,2663,42.75622,12.01,0.2052,-1.86234,-4.3306,29.70033,2.54806,-2.61304,19.3175,0.8545,2084.87,6146.45,4061.58,2282
48,49,2867,23.06695,6.1337,0.0569,-3.66994,-3.62035,1.38854,0.72869,-2.40074,18.5523,0.8637,1181.53,11737.69,10556.17,1166
49,50,440,59.6328,95.0611,0.0337,-2.29892,-3.14691,1.14039,24.19989,-2.87782,20.6749,0.3244,5819.41,349321.48,343502.08,5889
50,51,2429,35.80224,39.3399,0.6743,-3.34256,-4.16413,0.74337,0.10715,-3.49921,19.4431,0.7789,5591.23,18230.67,12639.45,5890
51,52,3166,1.86141,7.0652,0.257,-2.68875,-4.92976,0.79218,0.02823,-1.9602,17.8479,0.9685,849.05,856.16,7.11,848
52,53,1525,57.83384,35.3056,0.0286,-1.75005,-3.29935,0.99913,13.90222,-2.96601,21.2961,0.6417,3695.02,289291.21,285596.19,3750
53,54,338,56.75946,2.1802,0.0304,-2.88244,-2.64168,2.02603,0.08697,-2.12852,18.8116,0.9472,377.28,77986.65,77609.37,415
54,55,2874,14.43476,12.6923,0.2364,-3.54979,-4.28848,0.77002,5.62008,-2.87693,20.5645,0.2758,2333.14,11838.09,9504.95,2412
55,56,1427,52.95894,36.5925,0.0143,-4.00632,-4.06129,1.38698,0.00256,-2.96138,20.0887,0.7636,4284.28,309479.66,305195.38,4335
56,57,220,34.66977,23.8113,0.3244,-3.41511,-3.83102,1.02205,0.50394,-2.66714,17.751,0.862,4364.54,65555.41,61190.87,4524
57,58,489,44.02332,52.2763,0.0141,-2.28379,-2.49165,0.19763,21.75303,-3.1346,22.2033,0.7213,5611.42,2198627.55,2193016.14,5890
58,59,660,6.88222,8.8782,0.0601,-3.57159,-4.91082,1.06611,0.07612,-3.11532,20.8572,0.0957,1482.08,5033.65,3551.56,1497
59,60,925,6.86019,11.8379,0.6793,-3.7767,-3.51484,0.57354,0.0152,-3.0474,20.191,0.2272,1723.55,4555.58,2832.03,1776
60,61,1443,57.7824,5.2671,0.9642,-3.40874,-4.52265,1.60469,0.60942,-2.565,21.2648,0.6536,841.64,941.28,99.64,901
61,62,1877,4.08238,13.8638,0.0236,-3.4461,-3.3608,1.31323,0.2954,-2.67414,19.5682,0.6922,1736.25,78759.06,77022.81,1704
62,63,2852,59.16045,11.0172,0.4465,-3.61462,-4.14619,1.20108,2.9545,-3.09082,19.82,0.6573,1287.08,2894.04,1606.96,1317
63,64,1714,3.36115,35.7416,0.4465,-2.39806,-3.33967,1.86005,3.44968,-2.93896,15.9303,0.909,3640.1,277850.5,274210.4,3714
64,65,2005,52.02131,10.6089,0.0312,-2.74745,-3.2298,4.69526,0.03257,-2.60255,20.7228,0.8909,1787.17,59357.03,57569.86,1956
65,66,110,3.6063,173.3004,0.4588,-1.61801,-4.21751,0.51206,0.12174,-2.13501,18.9618,0.9408,5699.85,5975.69,275.84,5889
66,67,2359,31.7478,5.3743,0.0146,-2.9542,-4.27422,0.53401,0.00654,-2.97041,20.6907,0.1584,1016.54,17617.45,16600.91,1021
67,68,2993,23.20257,13.1179,0.2818,-4.3076,-4.16686,1.3238,0.03225,-2.8467,21.5854,0.5293,2394.88,7289.33,4894.46,2493
68,69,2223,43.16835,17.3637,0.0003,-3.59234,-4.09849,0.41548,8.40713,-3.21503,21.0227,0.094,3232.28,83859.95,80627.66,3299
69,70,449,11.3379,17.4417,0.1341,-3.80093,-4.56373,1.0408,0.01132,-2.78502,20.6545,0.3095,2766.02,5463.83,2697.81,2734
70,71,2115,37.58447,5.4499,0.1249,-3.37314,-3.1796,0.70292,2.09368,-2.06329,18.5568,0.9174,977.66,16394.97,15417.31,1036
71,72,792,55.00773,7.5154,0.0817,-3.8811,-3.70723,0.84135,0.03429,-2.41889,18.8352,0.8319,1272.39,9622.24,8349.86,1379
72,73,176,49.49197,8.0139,0.682,-1.86214,-3.0982,0.57692,53.08398,-1.60303,16.4143,0.9824,1498.55,20452.84,18954.29,1523
73,74,2710,55.74719,20.9807,0.036,-3.66118,-3.53226,0.76363,33.0648,-2.84725,18.9921,0.7583,2467.16,28853.35,26386.19,2587
74,75,3064,0.41108,30.9861,0.3564,-1.76574,-3.59089,5.96149,14.05335,-2.24022,17.2739,0.9435,2872.55,164258.38,161385.83,2982
75,76,1563,52.24125,202.4353,0.0975,-2.50378,-3.80832,0.38851,0.03484,-2.52087,18.8647,0.5847,5672.83,22873.12,17200.29,5889
76,77,2022,11.58012,6.1312,0.0019,-3.3872,-3.79591,3.38185,0.14882,-2.78291,21.1941,0.8771,1189.58,23213.6,22024.01,1165
77,78,511,42.09165,45.9902,0.0907,-3.4302,-2.99917,1.25081,0.1805,-3.35972,21.7429,0.5151,5731.49,924024.76,918293.27,5889
78,79,1185,61.51721,27.0142,0.0896,-3.54407,-3.32865,0.7401,0.27078,-3.20831,17.892,0.8219,2497.61,5481891.42,5479393.81,2612
79,80,2034,6.56954,6.2953,0.1235,-3.37873,-3.15899,1.01596,0.05853,-2.187,18.2078,0.9965,1084.02,28920.5,27836.48,1196
80,81,226,37.35758,33.75,0.0169,-3.6511,-4.18219,0.48358,0.09636,-3.11182,19.1813,0.9489,5309.51,800299.25,794989.74,5547
81,82,1564,50.07389,21.7653,0.1569,-3.40915,-3.36522,0.88295,0.77775,-2.8446,20.5154,0.83,3005.08,164999.7,161994.63,3201
82,83,3120,15.13086,14.2913,0.0569,-3.43799,-4.07428,1.3313,0.01972,-2.67471,18.4815,0.9587,2611.46,77259.29,74647.83,2715
83,84,2825,43.08726,45.1713,0.4206,-3.73138,-3.16273,1.66643,0.01285,-2.48467,17.9754,0.9023,5822.8,96084.4,90261.59,5890
84,85,2007,3.67335,17.6431,0.469,-2.92226,-3.66671,0.69859,0.26775,-3.39426,20.1154,0.1646,1984.32,5928.41,3944.1,2025
85,86,36,36.97097,48.5591,0.0365,-2.99956,-3.74246,6.04048,0.27329,-2.83947,18.5774,0.9625,5702.96,713597.59,707894.62,5889
86,87,2267,44.50018,93.8693,0.0711,-3.78542,-3.22838,0.68425,0.00741,-2.88416,17.28,0.1013,5796.47,2278643.91,2272847.44,5889
87,88,2577,13.41849,12.8249,0.5268,-2.35636,-4.50005,1.27995,0.0107,-3.35674,19.0467,0.9155,2293.25,5920.17,3626.92,2437
88,89,1200,37.92955,7.7637,0.1276,-1.96888,-3.73447,0.80108,2.40812,-3.01011,22.8841,0.3684,1453.63,4845.02,3391.4,1475
89,90,702,12.50206,20.8067,0.7924,-2.97676,-4.11134,0.63233,1.86849,-2.7958,18.5378,0.8596,3064.55,9079.17,6014.63,3164
90,91,3051,49.34684,13.2957,0.4667,-2.49327,-2.54951,1.06155,0.17415,-2.66019,19.4597,0.9234,2408.17,88667.69,86259.52,2465
91,92,771,8.55995,6.4928,0.7255,-3.54011,-4.63533,0.52384,19.61052,-2.17024,17.4616,0.9672,1219.19,1300.93,81.73,1234
92,93,2016,55.00902,28.5701,0.2425,-2.57636,-3.29822,0.81936,2.75242,-2.49275,16.6531,0.1123,3218.92,309873.33,306654.41,3378
93,94,2521,37.96178,9.9171,0.4489,-3.67941,-2.27854,1.58495,5.00661,-2.78005,19.7843,0.6315,1824.29,26797.37,24973.08,1884
94,95,2379,45.44503,27.7349,0.0302,-2.71292,-3.02622,7.2857,10.91052,-2.78773,17.4376,0.307,4059.18,5895447.73,5891388.55,4207
95,96,2794,4.01618,37.2114,0.0606,-3.13718,-3.98957,1.56213,0.6404,-2.15178,18.2549,0.7441,3759.24,7006.93,3247.69,3916
96,97,2353,23.51491,23.628,0.0536,-3.67276,-3.33705,1.11443,0.24846,-2.77757,18.4492,0.8997,4457.99,1372865.44,1368407.45,4478
97,98,3116,28.853,6.3318,0.0002,-3.38268,-3.90338,4.49206,0.01436,-2.74466,21.4352,0.4541,1186.73,11256.05,10069.32,1203
98,99,2920,54.43957,18.5116,0.1978,-3.56268,-4.87374,1.07402,0.00219,-2.51617,18.2714,0.9974,2438.71,4135.05,1696.34,2477
99,100,899,6.69093,4.8273,0.3406,-3.75991,-3.625,1.2989,0.18341,-1.90109,17.1548,0.9878,875.13,1933.89,1058.76,918
100,101,2090,21.10459,11.3649,0.5243,-3.06417,-3.95513,1.17756,0.41042,-2.48728,18.5349,0.9298,2134.06,6599.64,4465.58,2160
101,102,565,0.00844,71.1331,0.2218,-3.4683,-4.10126,0.77207,17.13089,-3.02241,19.8251,0.8603,5724.99,28521.28,22796.28,5890
102,103,579,57.57815,14.4492,0.2024,-3.60177,-4.19275,1.26027,0.00481,-2.90535,19.7688,0.8251,1779.46,57615.61,55836.14,1793
103,104,2604,52.54555,12.6983,0.8194,-3.09119,-2.8427,1.73266,0.0102,-2.00404,18.301,0.9878,2083.28,6111.55,4028.27,2105
104,105,1885,27.56602,24.8854,0.0704,-1.77623,-2.98684,0.36161,32.21324,-2.81622,18.498,0.3008,4743.46,2825473.75,2820730.29,4728
105,106,2905,51.76623,9.7917,0.0555,-2.57798,-3.67506,0.42078,0.06185,-3.29722,21.4672,0.5427,1781.9,88930.98,87149.08,1861
106,107,739,22.39371,11.7573,0.023,-3.17402,-3.86286,0.89835,19.83676,-2.56621,19.1489,0.9839,2131.73,57569.91,55438.18,2234
107,108,2551,46.22428,6.9693,0.2179,-1.92014,-4.31502,0.44558,0.04071,-2.60418,20.6481,0.7598,1318.38,2136.77,818.38,1324
108,109,2276,57.8911,30.4679,0.2312,-3.88428,-4.48765,1.017,0.50116,-3.1488,17.7083,0.8555,3128.88,16340.27,13211.39,3285
109,110,2844,43.2609,10.8653,0.0908,-2.75603,-3.3699,0.26528,2.13688,-2.33882,18.7052,0.9332,1943.11,46191.4,44248.29,2065
110,111,937,36.36951,70.9479,0.0143,-2.6509,-3.63656,0.12792,9.39834,-2.97408,20.3409,0.6052,5667.29,2218343.21,2212675.92,5889
111,112,1787,60.7554,58.9504,0.1486,-3.85789,-3.94525,1.11017,0.00843,-2.91793,17.5623,0.8974,5573.25,335745.95,330172.7,5718
112,113,1638,40.98156,124.726,0.4542,-3.77367,-3.95466,0.75187,0.05353,-2.75036,16.7688,0.9596,5776.23,145215.44,139439.2,5889
113,114,906,1.65489,8.534,0.0316,-2.93504,-3.53406,1.86559,0.16786,-2.83476,21.2329,0.5874,959.5,23931.66,22972.16,968
114,115,1166,9.90089,10.6618,0.0292,-3.62789,-3.6582,0.69365,6.0302,-3.06814,20.1302,0.3804,1908.47,289317.87,287409.4,1953
115,116,155,9.89929,19.5514,0.0976,-4.56862,-2.95664,0.99514,11.11409,-2.56708,18.9925,0.9772,2783.12,1771444.8,1768661.69,2798
116,117,1312,45.5211,9.3191,0.2097,-2.10456,-3.56548,4.83372,6.23508,-2.90015,19.6279,0.6773,1667.33,164926.01,163258.68,1771
117,118,1392,6.47094,29.7472,0.1056,-2.49707,-4.1724,1.96353,5.0499,-2.97601,17.235,0.749,3196.5,748515.65,745319.14,3441
118,119,105,34.77597,29.2123,0.1425,-3.5263,-3.72202,1.05253,0.62167,-3.05819,22.731,0.1751,5077.58,19755.4,14677.83,5361
119,120,3071,12.90789,78.8305,0.104,-2.60974,-2.6027,0.30272,1.58809,-2.55292,18.9295,0.9204,5677.17,7395273.44,7389596.27,5889
120,121,202,41.52053,31.9418,0.094,-3.10611,-4.34303,1.30403,0.24078,-2.84381,22.6174,0.6068,4953.32,8241.8,3288.47,4980
121,122,339,9.28884,5.9114,0.8213,-3.61848,-4.06543,0.52462,15.75294,-2.19029,18.538,0.8409,1087.21,1259.84,172.63,1123
122,123,3036,35.2295,9.8513,0.2236,-2.83989,-3.86336,2.21873,0.49908,-2.33354,17.5775,0.6763,1810.49,8855.0,7044.52,1872
123,124,2111,34.95157,2.4651,0.2419,-1.62785,-4.84931,0.27115,0.11126,-2.17115,19.7385,0.6275,415.83,420.66,4.83,469
124,125,2262,49.00402,11.3005,0.9081,-4.01517,-4.36876,2.00244,0.00528,-2.85549,19.9485,0.115,2109.86,3510.9,1401.04,2147
125,126,2023,4.02341,16.4449,0.2362,-2.73663,-3.03358,2.97507,6.54902,-1.90431,17.0106,0.9184,1869.82,103364.2,101494.37,1945
126,127,313,0.70448,27.1669,0.1173,-2.57043,-4.87109,3.41075,0.4367,-2.64813,19.1524,0.4481,2536.59,4483.0,1946.4,2647
127,128,544,52.53593,12.7755,0.4767,-2.68461,-3.44538,0.64005,0.07855,-2.74215,20.676,0.8136,2109.4,19113.5,17004.11,2113
128,129,2995,57.49444,13.9981,0.4553,-3.82551,-4.80967,0.72321,0.00173,-2.74875,18.6089,0.6887,1800.42,7221.4,5420.98,1758
129,130,2268,12.10601,23.5677,0.054,-4.03298,-3.75884,0.8135,0.08763,-2.18204,18.1101,0.7815,3274.71,19792.06,16517.35,3389
130,131,1360,54.28126,17.6156,0.3619,-2.00943,-3.79858,8.87009,0.06812,-2.38088,19.5615,0.7361,2339.28,7535.19,5195.91,2407
131,132,490,8.14599,19.6,0.1474,-2.07792,-3.80417,33.73826,9.39668,-2.61238,18.8736,0.8642,2478.2,80295.36,77817.17,2636
132,133,695,19.17071,9.3758,0.5257,-2.13111,-3.81886,1.31027,74.7697,-2.97852,22.3022,0.1443,1647.48,3437.13,1789.65,1782
133,134,2419,9.13481,19.2919,0.6284,-3.98101,-4.34309,1.68387,0.04007,-2.48414,19.2861,0.8926,2676.12,5118.94,2442.81,2700
134,135,630,59.63679,13.3896,0.2368,-2.48667,-4.10076,0.37,0.01013,-2.69109,19.6528,0.7578,1507.53,14070.6,12563.07,1497
135,136,2914,30.34739,18.5395,0.0264,-3.03592,-3.72932,0.13189,4.753,-2.63025,18.9604,0.4251,3541.66,120805.67,117264.01,3522
136,137,1435,26.46459,7.2685,0.0257,-3.83175,-4.30128,0.77588,0.12777,-2.71763,20.7833,0.2082,1375.26,3375.21,1999.96,1381
137,138,1075,3.45066,6.486,0.9238,-3.77549,-3.13528,1.72795,16.61394,-2.22532,17.1434,0.5639,955.71,2837.07,1881.36,944
138,139,3104,13.5572,35.1558,0.1804,-2.51914,-2.82756,0.1971,0.04452,-2.58838,16.8585,0.9714,4576.54,2014588.9,2010012.36,4627
139,140,2279,59.47096,13.622,0.1083,-3.50943,-3.24076,1.28767,0.57901,-2.72285,18.2447,0.566,1522.88,616937.66,615414.78,1535
140,141,1967,17.51957,15.7489,0.0043,-3.19048,-3.59073,0.13676,0.71108,-2.85968,21.9462,0.2079,2952.11,55092.4,52140.29,2992
141,142,2485,54.93983,12.3302,0.7473,-4.11653,-4.4892,0.72588,1.05655,-2.82968,19.1725,0.9343,1767.08,16488.98,14721.9,1842
142,143,3089,33.19034,42.3966,0.0018,-3.75941,-2.85993,0.66174,0.00798,-3.38195,21.2851,0.064,5778.18,1528424.93,1522646.75,5889
143,144,2171,43.75024,10.9355,0.6765,-1.84568,-3.87626,3.36678,0.00514,-2.50123,18.5071,0.9612,1937.79,6585.25,4647.46,2078
144,145,1112,2.58799,8.7116,0.3445,-3.93048,-4.05651,0.67964,0.80549,-2.51942,19.2873,0.3497,951.26,2536.78,1585.52,1073
145,146,984,30.25385,13.0399,0.1836,-3.06212,-3.56934,1.34438,39.88002,-2.93874,19.4735,0.6497,2431.74,38149.81,35718.07,2478
146,147,229,38.12578,13.2237,0.0175,-3.49464,-4.37781,1.57337,12.59784,-2.78486,20.328,0.2493,2432.85,13712.59,11279.74,2513
147,148,889,4.15407,49.0799,0.0908,-3.55598,-3.79907,1.11032,2.67222,-3.07536,20.2452,0.8132,5027.6,409559.95,404532.35,5056
148,149,1298,27.78189,16.4604,0.3922,-3.97609,-3.70484,1.61227,0.27221,-2.90809,19.9368,0.833,3108.96,9412.79,6303.83,3128
149,150,1775,10.85884,5.4964,0.6195,-2.9103,-3.45029,0.63981,0.00796,-2.44861,19.789,0.6607,976.55,32784.51,31807.96,1045
150,151,1838,19.59296,5.6975,0.0653,-3.93366,-4.198,0.95539,26.71925,-2.64913,20.3211,0.8712,1002.66,3291.27,2288.61,1083
151,152,286,34.67664,6.7057,0.8762,-2.46388,-3.4262,2.01205,0.12874,-2.25037,19.9673,0.996,1234.01,1488.79,254.78,1274
152,153,453,24.33383,17.4417,0.0305,-3.53043,-4.49776,0.39941,0.2382,-3.04359,19.027,0.7733,3278.55,93128.32,89849.77,3314
153,154,2606,38.31354,6.5395,0.0818,-2.20595,-2.25151,6.84866,0.27158,-2.99822,21.7463,0.8369,1240.2,93613.59,92373.39,1243
154,155,1096,22.10154,24.4481,0.0698,-2.86844,-4.20755,0.68575,0.04929,-3.27401,21.2643,0.1073,4333.79,37223.62,32889.83,4422
155,156,1315,2.56067,24.1303,0.3904,-2.31905,-4.04022,0.87428,0.17665,-3.10182,20.6521,0.3605,2519.63,26599.35,24079.72,2536
156,157,481,25.88068,18.0056,0.5158,-3.49235,-3.50485,0.72506,3.92019,-2.6945,20.9598,0.3972,3360.42,11260.17,7899.75,3421
157,158,612,39.04981,27.2995,0.5756,-3.5291,-3.52339,1.15555,0.32979,-2.29968,17.7928,0.9084,4655.25,11142.51,6487.26,4774
158,159,582,40.47557,16.833,0.3443,-2.70889,-4.6728,1.11597,0.09164,-2.70489,18.1434,0.9636,3199.5,16444.47,13244.97,3198
159,160,965,23.77738,147.4595,0.0297,-3.75117,-3.99466,1.20593,0.05527,-3.04254,18.6042,0.5294,5731.9,44012.74,38280.84,5889
160,161,1758,31.09709,25.917,0.0763,-3.66365,-2.77341,0.66415,0.00537,-3.01372,18.7607,0.8125,4826.19,696789.86,691963.67,4924
161,162,2226,45.31823,9.1622,0.0535,-3.2225,-3.40769,0.71073,0.06628,-2.13685,18.7597,0.9696,1660.68,14605.72,12945.04,1741
162,163,2853,24.64542,21.7934,0.0059,-3.73059,-2.13576,1.21661,0.88969,-3.31524,20.5277,0.2411,4009.43,6381989.6,6377980.17,4141
163,164,164,48.89762,13.2795,0.081,-4.08721,-4.15615,1.17504,32.32752,-2.8535,20.5103,0.2831,2331.75,28784.42,26452.67,2506
164,165,1719,9.94261,7.934,0.0749,-2.81192,-3.37481,3.69758,0.13065,-2.17175,18.0349,0.8034,1449.44,44434.48,42985.04,1508
165,166,998,56.97333,15.4887,0.6992,-3.23282,-4.5323,0.74362,0.10371,-1.99565,16.2916,0.9715,1940.51,2033.91,93.4,1949
166,167,2706,40.17922,34.6528,0.0874,-2.62312,-3.86954,1.75066,10.86162,-2.50216,20.1696,0.8154,5107.93,28468.62,23360.69,5365
167,168,1884,3.44326,6.2547,0.022,-3.28873,-3.46381,0.97606,5.75935,-2.74526,20.5743,0.498,888.89,41379.55,40490.66,921
168,169,3131,40.45895,16.9351,0.3521,-3.69992,-3.27031,1.11325,5.17194,-3.14182,21.0434,0.3605,3105.21,11925.68,8820.47,3218
169,170,573,42.1284,68.8474,0.4513,-4.0094,-3.80819,0.74288,0.13073,-2.82577,17.7159,0.9718,5484.64,100162.67,94678.03,5890
170,171,1248,41.03732,14.1032,0.3089,-3.85572,-2.95741,1.31117,0.01436,-2.72674,18.2507,0.752,2613.38,92934.43,90321.05,2680
171,172,1670,61.37802,10.0794,0.1277,-3.74538,-3.82399,0.83432,0.65585,-2.89987,19.7198,0.8479,1009.66,11992.61,10982.95,1017
172,173,575,21.88318,50.4106,0.5544,-2.90297,-3.03717,1.87287,9.51699,-2.79852,21.0492,0.8485,5799.65,22628.43,16828.78,5889
173,174,2208,1.99935,19.7043,0.0713,-3.19546,-3.64562,0.68306,1.22846,-2.74618,21.0963,0.2963,2140.26,21150.99,19010.73,2062
174,175,436,58.77244,10.5485,0.2213,-3.7187,-3.51485,1.24289,31.90209,-2.8274,20.6558,0.5767,1341.23,2961.33,1620.11,1309
175,176,1410,43.01494,35.7971,0.1714,-2.62507,-3.48027,1.1394,0.06399,-2.4104,18.163,0.9281,5145.55,124724.05,119578.5,5204
176,177,606,54.31854,31.3279,0.3846,-2.85394,-3.28203,0.82405,0.01491,-2.63827,20.4089,0.601,3635.9,40326.6,36690.7,3706
177,178,1065,48.14762,41.1456,0.0794,-1.90343,-3.51656,1.02189,0.75875,-2.89798,19.9359,0.2619,5002.29,410268.77,405266.48,5225
178,179,1299,28.89664,11.7444,0.2308,-1.59848,-2.68415,15.70491,0.26075,-3.26576,19.7708,0.6963,2186.51,166140.12,163953.6,2232
179,180,2928,43.32033,8.6035,0.8211,-3.7836,-3.63041,0.61638,1.60139,-2.27628,17.8258,0.9154,1490.48,4663.81,3173.33,1635
180,181,2866,5.75212,11.742,0.0476,-3.70596,-3.73391,0.72087,0.0283,-2.72058,20.0508,0.5944,1643.52,14125.45,12481.94,1662
181,182,1742,7.77924,14.6269,0.6653,-2.57414,-3.19917,2.06187,0.04818,-3.02388,21.7729,0.6177,2093.83,3756.01,1662.18,2128
182,183,682,52.2854,4.17,0.0377,-2.21999,-3.37126,1.38081,0.08714,-2.08138,19.1674,0.702,749.11,5833.29,5084.18,793
183,184,1377,5.97432,20.8617,0.4352,-4.37645,-3.08891,0.63445,0.80782,-2.7313,18.9777,0.8046,2429.24,162765.56,160336.32,2549
184,185,1335,16.54839,9.7904,0.7197,-3.63895,-3.57689,1.62946,0.10629,-2.18962,16.7116,0.5579,1778.64,4213.43,2434.79,1860
185,186,305,22.57678,24.163,0.0355,-3.82216,-4.74835,0.80317,55.21004,-2.683,19.1485,0.1185,4257.9,12767.43,8509.53,4440
186,187,303,4.23032,7.413,0.0132,-2.68436,-1.8802,2.75524,89.42568,-2.77916,23.6289,0.6777,1137.21,134586.13,133448.92,1106
187,188,647,4.33017,6.1001,0.0759,-1.79293,-3.6074,3.61267,0.25804,-2.42437,18.0604,0.5874,1035.21,17850.93,16815.73,990
188,189,2336,55.19214,4.159,0.3295,-2.11828,-2.84835,81.87542,31.53505,-1.99938,16.7079,0.9798,744.24,89037.43,88293.2,791
189,190,2025,45.42671,3.7763,0.1213,-3.38753,-3.47573,0.63203,0.40484,-1.74054,17.856,0.9764,716.97,1578.83,861.87,718
190,191,869,47.70801,6.3052,0.3054,-3.25973,-4.64539,1.04743,0.0158,-2.83989,18.8376,0.9746,1206.98,13638.69,12431.71,1198
191,192,1023,42.06699,25.6573,0.0314,-3.67063,-2.13148,0.8777,0.09384,-3.09464,20.4259,0.2201,4215.3,3898379.97,3894164.68,4331
192,193,1953,42.22139,17.7407,0.1965,-3.77895,-3.65839,1.13301,3.92498,-2.63091,17.0975,0.9418,3195.65,188967.43,185771.78,3371
193,194,2749,47.90286,9.384,0.3656,-2.92746,-3.63911,1.30307,0.83813,-2.18341,17.4439,0.5561,1720.3,6592.6,4872.3,1783
194,195,2907,48.36471,19.4702,0.0618,-2.91138,-4.29417,0.61796,0.00416,-2.64745,17.6225,0.8069,3087.11,74841.44,71754.33,3145
195,196,1367,18.68267,10.1146,0.2947,-3.40327,-2.19757,1.19177,0.3002,-2.66019,17.9691,0.3231,1950.26,2328828.79,2326878.53,1922
196,197,1425,27.32403,5.0327,0.4712,-3.26728,-3.49738,0.8582,0.08815,-2.73705,20.0072,0.5561,955.15,10824.73,9869.59,957
197,198,3042,8.5316,31.7155,0.0742,-3.10675,-4.46546,0.91658,0.06046,-2.86299,18.8227,0.6779,3720.19,50698.04,46977.85,3823
198,199,2692,57.56953,13.4217,0.8645,-3.56463,-4.10202,1.79893,0.02203,-2.48634,19.3319,0.758,1633.02,3997.37,2364.35,1696
199,200,866,48.82474,17.2766,0.2905,-2.49829,-4.62875,1.28508,13.17055,-3.09383,19.477,0.3667,2894.77,52135.39,49240.63,2893
200,201,19,37.72522,7.4242,0.4022,-2.53321,-3.69782,0.83256,2.10876,-2.54254,18.7198,0.6938,1380.17,8084.01,6703.84,1411
201,202,1505,5.60591,52.8729,0.1213,-2.94763,-3.62988,2.73152,1.62939,-2.81177,18.4099,0.9628,5431.77,888914.76,883482.99,5555
202,203,2734,9.88052,10.7999,0.9045,-2.32812,-3.29058,0.57953,0.10548,-2.58907,18.7539,0.9829,1887.74,20197.54,18309.8,1964
203,204,3007,8.53935,35.5748,0.1008,-3.23346,-4.2536,0.72173,0.26018,-2.52996,18.4116,0.9428,4112.75,24879.79,20767.04,4191
204,205,3044,61.00073,16.3522,0.2632,-2.92696,-4.06174,1.04286,1.10292,-2.41501,18.4489,0.3808,1648.82,3960.35,2311.54,1649
205,206,1654,22.28723,48.7782,0.1483,-3.2069,-3.28378,0.58198,0.0128,-2.90602,17.6252,0.5489,5856.74,105732.56,99875.81,5889
206,207,2962,57.75964,3.3673,0.0437,-2.60195,-3.4593,6.57369,0.22817,-1.75922,17.892,0.8488,671.92,1322.2,650.28,640
207,208,914,21.85055,6.3915,0.192,-2.27138,-3.51197,14.06401,0.40004,-2.52933,18.7227,0.6484,1093.77,26822.52,25728.74,1215
208,209,1110,50.77123,18.6529,0.0076,-4.34552,-3.41545,1.14166,0.06048,-3.4209,21.362,0.3583,2656.31,376164.43,373508.12,2839
209,210,2137,21.19769,26.4661,0.2513,-1.94239,-3.23078,0.63197,3.32171,-3.21134,20.8455,0.1249,4297.06,268016.21,263719.15,4527
210,211,2875,17.93218,44.626,0.0314,-2.30227,-3.68986,0.32371,1.42744,-2.82134,19.9938,0.5506,5796.37,168169.84,162373.47,5889
211,212,401,49.17026,12.1412,0.0037,-3.49499,-3.52015,3.42373,0.03715,-2.98632,20.9746,0.2536,2254.34,237306.79,235052.46,2307
212,213,659,53.76982,7.959,0.2009,-3.04061,-3.64453,1.09519,26.12282,-2.84756,20.6798,0.2824,1440.33,27521.09,26080.76,1512
213,214,1387,57.7188,5.019,0.0346,-2.47159,-4.6309,0.92201,0.07607,-2.86697,21.1689,0.4356,881.87,2057.31,1175.44,884
214,215,1521,12.93084,18.3453,0.016,-3.47425,-4.28102,0.70066,3.38029,-3.32312,19.7486,0.5301,2922.32,112118.98,109196.66,2971
215,216,2659,44.87933,39.8776,0.3353,-4.27259,-3.88127,1.08538,3.06236,-2.04353,16.1248,0.8965,5267.47,13206.04,7938.57,5415
216,217,2592,42.35242,9.8738,0.1999,-2.87092,-3.78997,0.93888,4.80917,-3.41953,20.327,0.1443,1863.97,4997.11,3133.14,1876
217,218,1277,11.17273,11.5336,0.9526,-1.46474,-3.14583,3.93684,0.13261,-2.46578,17.3289,0.9708,2211.99,32032.11,29820.12,2157
218,219,149,5.51349,7.7971,0.5844,-3.92327,-3.48994,0.59442,0.11615,-2.6672,19.4845,0.9154,1205.7,14658.66,13452.96,1265
219,220,248,3.19026,56.4365,0.0248,-2.74658,-3.91871,7.64993,0.00889,-3.34582,22.3505,0.3289,5541.48,17608.36,12066.88,5664
220,221,567,34.3267,45.482,0.5215,-2.03147,-2.87454,31.53544,0.00445,-2.90661,18.474,0.4466,5758.2,1520974.35,1515216.15,5889
221,222,1026,36.55469,42.7704,0.0305,-3.49749,-2.91781,1.01217,10.57962,-2.97249,20.5239,0.6241,5658.47,3985415.04,3979756.57,5889
222,223,656,61.61029,13.4304,0.0875,-1.83386,-2.85036,1.40759,0.15719,-2.50665,20.419,0.3366,1303.34,159583.01,158279.67,1313
223,224,198,15.79779,5.5225,0.7043,-3.42232,-3.34986,1.72141,1.20198,-2.43771,20.5451,0.3506,1054.27,1682.36,628.09,1050
224,225,492,31.92302,51.5322,0.1948,-3.30556,-4.44016,1.17164,0.00319,-3.23508,17.9452,0.4181,5861.9,207674.31,201812.41,5889
225,226,2859,25.85892,4.9965,0.6148,-1.44513,-3.69832,3.67493,0.24237,-2.11614,18.0775,0.913,964.69,1241.99,277.3,950
226,227,1685,44.18547,20.1894,0.345,-3.26403,-4.11224,0.91373,0.11324,-2.41101,18.7871,0.9239,3541.93,5925.74,2383.8,3610
227,228,502,26.88559,67.8306,0.0162,-2.95535,-4.07408,3.32802,0.01268,-3.09205,19.8397,0.8595,5848.08,263113.65,257265.57,5889
228,229,2205,49.73217,7.279,0.0375,-3.16015,-3.48564,2.2062,0.05765,-2.45246,19.3901,0.7269,1391.13,30670.34,29279.21,1383
229,230,301,13.05679,28.7169,0.0536,-3.6484,-3.70193,0.74007,1.67083,-2.44276,19.1708,0.4451,4010.97,26734.84,22723.87,3968
230,231,2490,55.11946,12.7922,0.5234,-3.65529,-3.91847,1.51981,0.10381,-3.45124,20.1801,0.0818,1721.71,4281.99,2560.28,1869
231,232,1827,43.24294,15.0216,0.4237,-3.17011,-3.80426,0.49811,2.46227,-3.12413,18.6114,0.7734,2848.28,19724.42,16876.14,2854
232,233,3143,51.81341,33.4958,0.7432,-1.9688,-4.23469,4.18169,0.38296,-2.45662,17.1668,0.9939,3998.03,17620.49,13622.47,4150
233,234,552,40.03817,8.3567,0.0081,-3.6128,-3.58962,1.37844,0.02557,-2.63846,20.0407,0.7518,1647.6,65514.55,63866.95,1588
234,235,1888,60.01557,50.5798,0.0105,-3.68611,-4.85602,0.67658,0.03578,-3.15996,18.9205,0.292,4790.74,209156.71,204365.97,4993
235,236,387,33.34319,51.9669,0.0193,-3.27327,-4.43947,1.18189,54.42041,-2.73459,20.131,0.5708,5781.53,20288.66,14507.12,5890
236,237,2727,14.11994,14.6957,0.1313,-3.26753,-3.31293,1.1716,0.79187,-3.00829,20.4434,0.8165,2791.1,496236.05,493444.94,2737
237,238,2249,4.81071,14.6649,0.0869,-3.70272,-3.91869,1.26524,0.02592,-2.29384,18.0642,0.979,1764.43,2731.46,967.03,1849
238,239,266,26.35314,27.727,0.0055,-3.45079,-3.83505,1.77679,0.0482,-3.3919,22.4108,0.6094,4948.3,68955.28,64006.98,5137
239,240,654,51.73982,6.3391,0.7116,-3.74074,-4.46725,0.69438,0.09109,-2.3259,18.0105,0.2255,1188.46,1644.84,456.38,1205
240,241,3110,38.37986,10.9953,0.0356,-2.64919,-3.81534,0.8302,19.16967,-2.87341,22.0075,0.3232,2045.51,15842.55,13797.04,2089
241,242,1591,37.46942,11.006,0.1981,-3.98913,-3.73727,0.87613,0.84871,-2.66732,20.3906,0.4002,2052.67,11399.47,9346.8,2091
242,243,2125,40.9029,23.4809,0.0692,-3.83304,-3.46583,0.97987,11.88276,-3.23815,22.3367,0.3488,4141.3,87284.74,83143.44,4235
243,244,1632,10.04018,24.722,0.1462,-2.82717,-3.79698,1.90798,0.86101,-2.45123,19.9367,0.4615,3184.42,12909.65,9725.23,3302
244,245,1217,46.79943,16.3289,0.0084,-4.31735,-2.4514,0.84105,2.65797,-3.12372,20.2152,0.3344,2985.5,4031157.69,4028172.18,2995
245,246,394,60.16192,14.9526,0.0281,-2.82904,-3.65715,4.57846,0.20665,-2.29798,18.7943,0.765,1514.2,16486.98,14972.78,1595
246,247,1344,48.53623,16.1118,0.3371,-3.7621,-3.36349,0.88609,1.00129,-2.75585,19.8445,0.8453,2798.48,63851.03,61052.55,2810
247,248,2217,54.19156,5.0283,0.5184,-1.69289,-3.32979,2.26493,0.00973,-2.44604,19.7532,0.4864,990.49,3952.71,2962.22,956
248,249,1808,61.60002,41.2761,0.2322,-3.44516,-3.63172,0.78704,3.86058,-2.74131,17.5526,0.9864,3890.03,179240.65,175350.62,3959
249,250,1874,5.71879,16.4597,0.0734,-3.07623,-3.27748,1.37894,0.71184,-2.83103,19.0598,0.5752,1995.81,459963.01,457967.2,2106
250,251,2015,27.67053,263.6319,0.2404,-3.44323,-3.17825,1.36128,0.46883,-2.99225,18.4391,0.1841,5937.01,3374392.05,3368455.03,5890
251,252,222,57.67668,18.4369,0.0141,-3.40788,-3.77577,0.31987,2.57448,-2.80377,17.9536,0.2273,2050.65,168397.67,166347.02,2162
252,253,560,43.37711,13.7328,0.7546,-3.04938,-3.63015,1.94436,27.55511,-2.5224,19.6479,0.758,2417.49,8186.22,5768.73,2609
253,254,1388,57.67437,16.4709,0.8065,-1.84479,-3.95396,33.67832,5.17948,-2.89449,17.866,0.9975,1969.05,16211.48,14242.44,1976
254,255,2442,19.2917,12.2974,0.1419,-3.76606,-3.9242,0.98304,0.50546,-2.3407,18.9385,0.7009,2269.63,7519.23,5249.6,2337
255,256,2819,23.92598,16.1776,0.2935,-3.25117,-3.36373,1.33031,4.58691,-3.12709,19.2161,0.8561,3097.71,39696.38,36598.67,3074
256,257,2599,22.05534,7.3639,0.3321,-3.07903,-2.24122,1.33652,0.08236,-2.42981,17.4905,0.6467,1415.22,3367176.47,3365761.25,1399
257,258,800,53.13597,11.471,0.3194,-2.47516,-3.67308,0.60051,0.54109,-2.45436,20.8079,0.8642,1831.66,3352.16,1520.5,1932
258,259,2984,0.68516,3.5769,0.1008,-3.95334,-4.33273,1.06085,5.15609,-2.28669,20.2476,0.85,363.83,482.06,118.23,405
259,260,886,53.83318,21.0392,0.3973,-3.82773,-3.48217,0.84695,0.01887,-3.24056,19.2097,0.1511,2642.25,25808.16,23165.91,2775
260,261,824,28.229,7.3677,0.0135,-2.7594,-3.37068,1.68016,37.38231,-2.48414,20.4007,0.8959,1360.16,24587.66,23227.51,1400
261,262,562,31.0286,17.1509,0.025,-2.65611,-3.55809,0.63392,0.00159,-3.12073,23.8348,0.4245,3168.01,8563.69,5395.68,3259
262,263,1205,42.4727,37.2474,0.5506,-3.64461,-3.67223,1.17209,0.00138,-2.90883,17.8348,0.7467,5117.7,45576.28,40458.58,5393
263,264,2068,9.54814,9.253,0.1941,-3.56377,-3.95466,1.00696,9.86915,-3.05784,20.3557,0.3343,1649.94,3227.65,1577.71,1758
264,265,563,55.693,23.3901,0.8972,-3.8248,-3.56942,0.58583,0.10246,-3.17711,21.0812,0.328,2782.9,3208.07,425.17,2821
265,266,1530,26.3269,15.6495,0.0223,-3.956,-3.32808,0.88969,0.23529,-2.38206,19.5851,0.9544,2886.32,58288.19,55401.87,2973
266,267,2,42.76873,20.3329,0.1286,-3.87285,-4.42456,0.92885,0.00455,-2.87677,19.6893,0.4653,3783.32,38941.45,35158.13,3759
267,268,1502,35.6357,28.1145,0.5161,-3.13374,-3.58574,1.23478,0.07432,-3.09146,17.9362,0.9529,4936.09,26603.23,21667.14,5175
268,269,2476,2.73565,58.5498,0.1049,-4.18541,-4.60628,1.11765,0.03132,-2.97798,20.523,0.1051,5860.4,21918.03,16057.63,5821
269,270,2757,32.43241,30.381,0.1659,-2.97019,-3.81746,1.2609,3.73307,-2.6532,19.7526,0.6297,5559.88,47972.02,42412.14,5695
270,271,2619,54.569,10.5569,0.1287,-2.6958,-3.90275,1.88533,1.68126,-2.81647,19.2354,0.7688,1656.56,32593.51,30936.95,1709
271,272,1748,58.37026,128.4484,0.0667,-2.78621,-3.05173,0.22517,18.71729,-2.87517,19.7183,0.7375,5831.93,572624.83,566792.91,5889
272,273,1934,11.22565,18.3502,0.0728,-3.45316,-3.55988,1.09204,0.47607,-2.14484,18.1659,0.9343,2685.08,15281.56,12596.48,2810
273,274,988,27.71659,12.5939,0.1,-3.75857,-2.89698,0.88021,0.0294,-2.30175,18.5612,0.6539,2328.25,55506.15,53177.9,2393
274,275,2199,14.03641,9.0019,0.4166,-3.12086,-2.75698,0.94372,0.05972,-2.95723,18.9052,0.8211,1676.6,196308.01,194631.41,1711
275,276,2607,37.43144,7.5178,0.4264,-2.98834,-3.44371,0.67507,1.43525,-2.84881,19.0049,0.198,1363.26,10828.67,9465.41,1429
276,277,2845,5.65559,13.1526,0.4425,-3.87754,-3.9504,1.74355,70.09809,-2.61183,19.3805,0.8534,1645.93,9256.12,7610.2,1786
277,278,789,44.89269,52.5177,0.1716,-4.11326,-2.94658,1.11875,4.21812,-3.11385,19.5428,0.2857,5672.94,2692812.92,2687139.97,5889
278,279,774,10.66025,29.1435,0.0242,-2.94316,-4.52788,1.37367,2.78562,-2.78455,20.1945,0.6468,3731.96,10619.33,6887.37,3781
279,280,1822,24.86706,33.6978,0.0442,-4.16953,-2.8097,1.10734,0.05581,-3.47952,18.7314,0.0204,5351.55,9112687.96,9107336.41,5563
280,281,704,26.01746,22.9013,0.0335,-3.67812,-3.51632,1.10285,0.00722,-2.56915,20.6106,0.861,4266.32,66402.98,62136.66,4351
281,282,1370,17.90301,42.9242,0.3023,-2.63855,-4.54491,0.83775,0.05141,-2.92089,18.7819,0.7021,5799.04,26208.22,20409.18,5778
282,283,2499,25.81308,6.3977,0.2537,-3.68789,-2.49282,1.00758,0.10081,-2.52809,19.966,0.9104,1168.25,16368.51,15200.26,1216
283,284,505,23.04527,26.2476,0.0156,-3.08156,-2.97386,0.681,11.43694,-3.40099,19.9314,0.4566,4658.5,5200045.87,5195387.37,4682
284,285,1691,55.57302,20.9629,0.2425,-2.11283,-3.74546,1.60529,0.00612,-2.66677,18.8455,0.2051,2559.16,60021.94,57462.78,2602
285,286,790,49.255,9.6984,0.1086,-3.01786,-3.8776,0.74131,5.749,-2.80637,21.6931,0.8287,1795.61,10293.2,8497.59,1843
286,287,357,42.44635,9.3475,0.0106,-2.34599,-2.95588,0.39683,0.09019,-2.6951,20.1278,0.3741,1758.44,410689.05,408930.61,1776
287,288,1251,41.2561,6.4364,0.0167,-2.78359,-3.51912,2.87193,1.02768,-2.82737,19.4249,0.0681,1225.79,165326.83,164101.04,1223
288,289,1960,56.38333,12.4161,0.7584,-3.64333,-3.65336,0.61338,37.39933,-2.75776,18.8474,0.9873,1631.16,16048.14,14416.98,1713
289,290,1326,19.77128,30.2497,0.0215,-2.67621,-4.21467,0.44519,0.06022,-2.65288,19.9612,0.6711,4700.76,22031.87,17331.11,4751
290,291,1738,54.34358,6.476,0.0031,-1.76603,-3.25527,1.61452,7.55585,-2.98176,22.0056,0.4713,1138.47,393918.65,392780.17,1231
291,292,288,40.01885,15.0056,0.2546,-2.16712,-3.58674,7.80055,0.17538,-2.91162,18.593,0.8595,2758.93,38048.62,35289.69,2851
292,293,2493,12.09848,17.639,0.0263,-3.12496,-3.62449,4.71526,0.52197,-3.02145,19.833,0.2175,2761.5,323262.27,320500.77,2824
293,294,3013,57.1031,10.3987,0.4631,-3.21197,-3.62654,1.41318,0.02401,-2.30764,20.6645,0.969,1490.93,72928.88,71437.95,1453
294,295,2305,1.75584,9.4055,0.0887,-3.3374,-3.75418,0.78493,0.53835,-2.73471,19.97,0.4729,1068.68,25810.86,24742.17,1060
295,296,819,29.44602,9.3794,0.6251,-2.60861,-2.99466,1.32829,4.03025,-2.94044,20.4417,0.6251,1798.11,6846.44,5048.33,1782
296,297,2748,7.26009,28.2616,0.0049,-2.47422,-3.97295,10.40682,0.06168,-3.01006,18.5051,0.744,3399.89,718547.43,715147.54,3374
297,298,1511,30.0702,24.2726,0.3109,-3.9942,-3.80274,1.24888,0.04884,-2.83387,18.8641,0.4318,4450.8,64987.23,60536.42,4612
298,299,1852,30.02239,12.6057,0.0359,-3.58669,-2.82646,1.93565,1.93853,-2.56151,17.9303,0.6981,2340.6,1201927.6,1199587.0,2395
299,300,190,41.31767,36.839,0.0104,-3.65215,-3.78133,0.7502,1.6924,-3.17986,19.4239,0.0302,5280.38,687101.03,681820.64,5464
300,301,2862,12.95761,8.1788,0.0233,-3.26473,-3.64612,0.29036,4.8694,-2.63731,19.5121,0.914,1502.08,46937.23,45435.15,1554
301,302,2038,4.08067,11.6226,0.88,-3.49745,-3.70867,1.49753,0.00779,-2.98691,20.6197,0.7876,1360.95,1591.61,230.67,1491
302,303,1171,43.12952,8.6106,0.2034,-3.53189,-3.63011,1.1264,0.09265,-3.03527,21.0149,0.1039,1730.4,14855.13,13124.73,1636
303,304,2148,4.33686,6.6986,0.9417,-2.52779,-3.36113,0.45053,0.33094,-1.67338,16.931,0.8245,1057.19,1290.77,233.58,1048
304,305,2139,45.67885,7.8135,0.886,-1.81826,-3.56174,2.70819,7.11279,-2.43369,16.5552,0.7375,1494.81,13889.49,12394.69,1485
305,306,2307,26.75682,25.5838,0.0442,-3.04245,-4.20679,1.55537,0.3935,-3.00745,18.9543,0.5823,4693.37,209230.47,204537.1,4861
306,307,1260,4.86545,21.5725,0.1069,-3.14321,-4.46283,1.02867,26.23253,-2.24064,18.6303,0.698,2475.87,2768.1,292.23,2512
307,308,308,7.04414,5.0813,0.7025,-3.75074,-3.25828,2.12218,1.1445,-2.79596,17.0601,0.9659,925.83,38256.1,37330.28,966
308,309,1516,16.86952,79.3664,0.0573,-2.69254,-2.39005,0.47358,0.62686,-3.17881,21.1896,0.4319,5741.02,1047229.54,1041488.53,5889
309,310,1473,19.75117,9.123,0.1336,-2.97035,-2.78859,0.85001,0.36592,-2.54207,19.4416,0.7125,1589.34,380375.18,378785.84,1734
310,311,3155,15.29234,7.6845,0.5275,-2.17677,-3.5421,1.79439,10.23526,-2.33797,18.5754,0.7803,1355.21,2701.02,1345.8,1460
311,312,2103,4.8345,10.6859,0.2191,-2.90832,-3.32095,2.34637,1.20637,-2.27831,16.8764,0.9812,1445.58,82825.05,81379.46,1475
312,313,3026,57.60559,16.4326,0.0715,-3.26451,-3.43179,0.88063,26.18182,-3.0815,19.6164,0.0165,1875.89,11324.09,9448.19,1979
313,314,1972,52.50891,5.1208,0.0216,-3.34753,-3.93498,1.1919,0.25087,-2.62331,18.979,0.071,988.0,8994.06,8006.06,973
314,315,359,60.24806,19.9096,0.212,-1.99808,-4.90632,0.59655,2.46702,-2.58771,20.0166,0.6512,2082.94,2523.13,440.19,2058
315,316,2430,40.51833,12.5349,0.0264,-2.69014,-3.93533,4.58621,3.05166,-2.72811,18.0047,0.4263,2490.09,107649.36,105159.27,2382
316,317,324,12.92214,4.0278,0.0088,-3.20164,-3.62731,0.25368,6.65671,-2.30023,20.7384,0.859,660.16,2993.92,2333.75,766
317,318,891,10.72597,57.0039,0.0405,-3.3143,-4.09879,0.29134,0.10576,-2.97556,17.8857,0.2349,5674.67,90700.32,85025.64,5889
318,319,1356,14.23813,5.54,0.0813,-3.48556,-3.73653,1.37176,0.66995,-2.00534,18.6244,0.716,964.86,1831.46,866.6,1053
319,320,320,18.94243,14.5275,0.1551,-4.5506,-3.94189,1.18696,0.02896,-2.23756,18.1739,0.9827,2729.07,3658.3,929.22,2760
320,321,1586,18.31566,11.1591,0.0603,-4.04877,-3.3271,0.94666,1.55852,-2.5171,17.7442,0.8484,2020.36,162092.44,160072.08,2120
321,322,626,21.17102,3.1596,0.8022,-1.8196,-4.23709,46.75312,0.08124,-1.98808,18.9166,0.9333,601.73,610.93,9.2,601
322,323,1363,43.19959,35.307,0.1671,-3.25584,-3.58614,1.39539,0.01762,-3.22578,18.4899,0.475,5054.3,7984005.15,7978950.85,5140
323,324,2252,25.12722,9.7301,0.1795,-2.12182,-3.70086,4.2714,0.16933,-2.49843,18.85,0.8772,1778.33,16423.88,14645.55,1849
324,325,2709,30.15554,16.6981,0.1144,-4.12202,-3.62814,0.73121,0.33194,-2.90985,17.185,0.7924,3099.39,1639386.37,1636286.98,3173
325,326,3101,12.63035,24.8488,0.4031,-3.17129,-3.55671,0.78497,0.01194,-2.68848,18.1796,0.7865,3441.64,33046.13,29604.49,3560
326,327,1483,7.63539,13.2177,0.0323,-2.9509,-3.00399,1.44191,0.01823,-2.74921,18.1703,0.9278,1835.99,246435.18,244599.19,1980
327,328,1980,50.01292,14.0017,0.5833,-4.01858,-3.7352,0.72281,0.73616,-2.4452,20.1171,0.656,2256.25,3817.01,1560.76,2469
328,329,2564,15.21602,26.7343,0.3285,-3.60777,-3.71716,0.824,0.00596,-2.60771,20.9611,0.688,3902.33,6338.37,2436.04,3984
329,330,1860,36.03652,35.1917,0.1618,-4.43544,-3.7652,0.94546,11.3024,-2.97539,19.6124,0.6416,5614.7,925352.33,919737.62,5809
330,331,2392,2.89122,41.177,0.042,-3.962,-4.13399,1.27113,0.02353,-2.96122,19.0657,0.9593,4062.26,10428.38,6366.12,4186
331,332,2389,23.56432,26.5683,0.1631,-2.41484,-3.45988,0.42342,0.00622,-2.97412,17.7335,0.4187,4600.44,257105.75,252505.31,4762
332,333,1650,50.85981,9.5925,0.0623,-2.99544,-2.99931,0.41185,0.76972,-2.38522,18.0661,0.4929,1844.06,145134.56,143290.5,1823
333,334,959,4.75734,8.0201,0.8874,-3.31566,-3.78163,1.79418,0.00762,-2.86764,20.7445,0.7189,1218.45,3614.8,2396.35,1214
334,335,1031,51.38427,5.4809,0.0984,-2.69402,-3.71378,1.38938,22.97758,-2.68284,21.0507,0.6544,1011.05,6536.46,5525.41,1042
335,336,1656,10.37826,3.1627,0.221,-1.84684,-2.81301,0.21525,45.20709,-2.29692,19.565,0.8877,537.2,2976.47,2439.27,601
336,337,3096,42.23278,16.4908,0.2872,-3.66068,-4.9433,0.83025,1.79843,-2.65819,17.7834,0.9574,3058.2,10009.51,6951.31,3133
337,338,1188,56.52444,7.5415,0.0388,-2.64043,-3.76564,1.06636,1.65871,-2.70695,19.0787,0.9552,1222.22,26627.3,25405.08,1237
338,339,199,56.78341,20.9835,0.1422,-3.59564,-4.0675,1.23675,0.84896,-2.69201,19.037,0.8576,2528.31,29808.61,27280.31,2489
339,340,1615,31.64509,4.1812,0.2457,-4.40258,-3.94868,0.78516,0.03358,-2.15523,17.6941,0.4635,834.14,1181.81,347.67,795
340,341,1407,17.10704,12.9007,0.1651,-2.26006,-3.83294,5.30535,0.61516,-2.73081,18.1564,0.9687,2381.9,98467.36,96085.46,2451
341,342,2788,7.84097,17.7588,0.0569,-3.15583,-3.19253,0.35017,0.30805,-2.70509,19.5697,0.577,2406.0,123352.16,120946.15,2431
342,343,1321,42.74678,12.9656,0.0205,-2.77174,-3.7987,0.55966,0.10723,-2.65518,18.9749,0.4346,2336.08,172307.04,169970.96,2464
343,344,3032,20.33028,15.4176,0.7564,-3.19323,-4.813,1.84894,0.04501,-2.4232,18.9432,0.7472,2874.17,3441.34,567.17,2929
344,345,1308,37.05862,4.9089,0.2146,-1.83882,-2.84525,8.89036,2.3905,-2.00385,18.3292,0.9877,895.7,57686.04,56790.34,933
345,346,845,0.34165,12.8605,0.0642,-3.74225,-4.16594,1.05353,0.25805,-2.92449,18.3157,0.6085,1237.62,99729.43,98491.82,1254
346,347,333,45.15487,15.8189,0.218,-3.7765,-4.56024,0.83074,7.38496,-2.90942,19.7632,0.5296,2985.83,28295.36,25309.54,3006
347,348,2799,1.1775,5.1815,0.0182,-2.42049,-3.50711,0.42223,0.01391,-2.22799,19.5901,0.7189,625.6,1689.51,1063.91,604
348,349,2911,24.57,25.6001,0.236,-1.89079,-3.9369,1.23014,0.01716,-2.87523,18.9414,0.8451,4642.38,33651.68,29009.3,4766
349,350,2636,61.98981,58.9773,0.0333,-3.66791,-3.13103,1.22608,0.01164,-2.39531,18.6657,0.9666,5421.4,325896.31,320474.91,5603
350,351,1471,37.49924,17.7065,0.0259,-3.73403,-4.53315,1.0821,0.00661,-2.67739,19.3822,0.8437,3209.61,18617.26,15407.64,3364
351,352,514,24.301,16.1507,0.113,-2.36147,-2.61223,0.44666,3.6128,-2.7038,20.1712,0.8036,2969.28,745423.13,742453.85,3069
352,353,2513,44.97715,26.5149,0.1183,-2.64891,-3.15789,2.91167,0.78717,-2.25875,16.6484,0.5161,3943.72,256144.32,252200.6,4136
353,354,1878,4.28247,22.9714,0.0584,-3.50367,-3.6536,0.95853,1.17559,-2.87841,18.8903,0.8296,2541.57,412053.54,409511.97,2588
354,355,2071,23.45884,10.8635,0.8608,-4.0579,-3.28516,0.52031,0.20477,-2.25934,18.4486,0.8927,2155.16,4749.47,2594.32,2064
355,356,750,16.82032,8.1818,0.0523,-4.31125,-2.98389,1.18018,0.00978,-2.75657,19.2159,0.5608,1465.44,178487.97,177022.53,1555
356,357,1681,40.77362,66.2704,0.4464,-3.11142,-1.69553,1.10664,50.60723,-2.03111,16.579,0.9827,5805.14,312084.4,306279.26,5889
357,358,1500,12.71489,8.2033,0.2738,-3.01928,-3.80743,1.04072,0.10334,-2.48012,18.9611,0.9622,1566.6,4216.8,2650.19,1559
358,359,1756,16.88129,9.2564,0.8143,-1.64391,-3.72652,64.29638,0.05129,-2.28138,17.4389,0.9908,1718.81,3825.96,2107.15,1759
359,360,430,40.35173,6.8102,0.0807,-2.88613,-3.48568,2.15734,0.05921,-2.53609,18.775,0.9373,1180.67,47160.09,45979.43,1294
360,361,1765,25.4088,17.5968,0.7908,-3.3092,-4.09583,0.69621,0.43848,-2.70712,19.7111,0.5466,3332.35,17521.84,14189.5,3343
361,362,666,46.85023,4.2052,0.0686,-1.95609,-3.59658,0.42915,13.12895,-2.51264,17.953,0.0739,807.37,30503.09,29695.71,799
362,363,574,57.72015,27.3197,0.2791,-3.44898,-3.76097,1.85665,0.22676,-3.15596,20.5511,0.3702,2890.78,7308.52,4417.74,3002
363,364,2578,4.85435,38.7345,0.4548,-3.82839,-4.22802,1.53451,0.42978,-2.13276,18.3193,0.8707,4072.76,4507.48,434.72,4140
364,365,1917,53.6905,15.2876,0.3148,-3.60852,-3.70857,1.20928,12.16458,-2.73688,20.5703,0.3714,2124.24,11432.62,9308.37,2242
365,366,209,17.19019,8.7894,0.4414,-3.16512,-3.72034,0.87035,25.8469,-2.96774,17.7788,0.9136,1648.3,79970.55,78322.25,1670
366,367,976,38.78022,140.7666,0.3848,-3.81257,-3.93205,1.08235,0.94834,-2.67638,18.4458,0.6112,5639.07,108305.88,102666.81,5889
367,368,853,2.23687,61.8399,0.3766,-3.66169,-2.68858,1.23777,0.11459,-2.58488,18.0743,0.5704,5778.85,181180.82,175401.97,5889
368,369,627,53.69131,10.6938,0.2244,-1.57311,-4.19277,0.49889,1.35134,-2.47698,18.6139,0.9578,1733.05,4123.29,2390.24,1805
369,370,1438,0.94417,33.9444,0.0613,-3.56552,-3.65035,1.67418,0.01683,-2.84952,19.4584,0.6483,3239.71,13815.23,10575.52,3314
370,371,2468,3.56121,63.5314,0.064,-3.08227,-3.35392,0.54307,0.81705,-2.53007,19.0896,0.8811,5770.57,291231.81,285461.24,5889
371,372,2078,61.95456,13.6819,0.2237,-1.62508,-3.57331,0.19945,0.15455,-2.38954,18.4931,0.5334,1287.75,19546.26,18258.51,1304
372,373,2101,45.38484,15.9323,0.148,-3.34535,-4.21145,1.08727,0.00662,-3.04629,21.286,0.4185,2826.09,29221.54,26395.45,3027
373,374,236,36.71486,79.8077,0.0228,-4.16071,-3.16738,1.04527,0.02706,-2.68152,19.2219,0.3911,5695.41,202412.47,196717.06,5889
374,375,1539,28.45892,35.9203,0.0126,-2.93808,-4.52978,6.72146,0.00558,-2.67648,18.7635,0.188,5869.24,32189.89,26320.65,5889
375,376,2087,2.51275,79.6045,0.1669,-3.33207,-4.4141,1.3577,0.36478,-2.84524,21.1244,0.7225,5510.32,20913.03,15402.71,5889
376,377,437,57.90103,20.4002,0.3293,-4.00011,-3.43269,0.79586,0.01169,-3.04499,20.1106,0.5058,2295.41,60162.23,57866.82,2328
377,378,470,43.29095,4.1627,0.0092,-3.33286,-4.40069,2.72927,4.1416,-2.35015,20.3127,0.9029,796.76,1012.31,215.55,791
378,379,531,1.21866,24.924,0.046,-3.83604,-4.77708,0.8878,0.67657,-3.25321,21.8896,0.0904,2359.84,3221.67,861.83,2483
379,380,2918,9.3627,36.0065,0.7614,-3.72452,-3.73911,0.62782,0.08883,-2.8911,18.0344,0.9344,4170.16,49955.5,45785.33,4310
380,381,533,55.75785,12.7114,0.004,-3.96522,-3.5682,0.62516,0.08009,-3.26817,19.7645,0.0594,1761.78,704785.71,703023.93,1801
381,382,1509,39.90643,14.8283,0.0166,-3.34045,-3.60578,0.28336,0.00795,-2.65805,19.3347,0.9096,2829.52,201115.72,198286.2,2817
382,383,2114,1.9365,28.9166,0.3284,-3.74902,-3.18994,0.85918,0.00702,-2.75404,19.5553,0.4651,2859.67,11908.23,9048.56,2931
383,384,1774,43.67306,8.4479,0.1852,-3.4846,-4.47117,0.99123,0.05718,-2.58279,18.7337,0.8692,1579.16,5039.52,3460.37,1605
384,385,945,2.98806,29.9538,0.3021,-3.30175,-4.01337,0.81547,0.00959,-2.97609,21.2278,0.5482,3006.6,16563.76,13557.16,3129
385,386,2718,25.72113,9.7011,0.1474,-1.93354,-3.97409,11.71078,0.11642,-2.3473,18.315,0.5744,1775.76,4032.84,2257.08,1843
386,387,119,46.87296,14.2797,0.0014,-3.56829,-3.47797,0.1863,8.01635,-3.18749,20.713,0.5735,2587.86,705398.77,702810.91,2713
387,388,2781,27.76065,12.1767,0.2072,-3.3609,-3.87654,0.97257,0.02677,-2.47231,20.5191,0.6939,2224.91,3269.38,1044.48,2314
388,389,649,40.34674,128.2761,0.0148,-3.3675,-3.86826,2.02178,0.94303,-3.32248,18.8417,0.1347,5659.94,379708.14,374048.2,5889
389,390,1402,13.68555,4.5242,0.029,-3.50262,-4.87634,0.99822,0.00382,-3.03924,21.0794,0.056,793.44,1686.88,893.44,860
390,391,1677,43.07466,7.4756,0.0311,-3.5084,-3.70512,0.72444,2.7865,-2.91268,19.6169,0.3084,1363.87,115965.31,114601.44,1421
391,392,1893,19.75669,32.8919,0.3224,-3.00988,-3.91447,1.03337,11.93347,-2.66601,19.1254,0.8211,4763.67,49338.85,44575.18,5001
392,393,997,11.62811,97.4343,0.2855,-4.38957,-1.79007,1.22825,8.50923,-3.4521,18.6172,0.2899,5668.5,3336035.01,3330366.52,5889
393,394,2294,32.24558,8.6103,0.3115,-3.13004,-3.53042,0.62997,0.03988,-2.20846,18.4555,0.5565,1518.15,10933.49,9415.34,1636
394,395,3053,32.75906,4.0835,0.0321,-3.34539,-3.25883,1.34287,0.01016,-2.54627,20.9911,0.4934,665.1,7401.28,6736.18,776
395,396,483,28.28241,7.4672,0.4133,-3.45222,-3.11243,0.67806,0.24804,-2.63304,17.9234,0.3616,1482.99,40528.14,39045.15,1419
396,397,1837,58.65857,2.5264,0.4518,-2.55733,-3.69257,0.76278,82.52403,-2.54289,21.0853,0.7149,490.65,774.8,284.15,480
397,398,1024,43.87679,23.2477,0.0186,-2.37132,-4.09222,5.88668,0.02246,-2.82521,18.7159,0.619,3728.3,94324.83,90596.53,3930
398,399,2289,50.6485,3.8501,0.536,-2.30353,-3.88851,0.56212,0.12612,-2.48782,19.9085,0.3307,733.28,1253.61,520.33,732
399,400,2376,6.32724,3.0606,0.0631,-2.90359,-2.41262,0.53358,0.1908,-2.02819,19.0594,0.68,546.2,102753.21,102207.01,582
400,401,1051,61.7021,12.7495,0.0454,-3.77035,-3.6899,1.02613,13.10606,-3.24109,20.3481,0.902,1221.76,3721.54,2499.79,1240
401,402,655,32.81047,8.2545,0.021,-1.51245,-3.96774,0.10742,1.95188,-2.62932,19.3239,0.864,1574.18,12855.27,11281.09,1569
402,403,179,56.19822,7.753,0.3183,-3.62338,-4.27079,1.32521,0.02018,-2.70397,21.0813,0.6327,1289.46,2450.5,1161.04,1288
403,404,1213,19.92647,59.9623,0.0568,-3.73148,-3.73599,0.95754,4.05439,-3.18164,18.3452,0.9463,5754.02,2430249.63,2424495.61,5890
404,405,402,26.08648,40.3687,0.0631,-2.38153,-4.20214,0.19327,0.00288,-3.19246,20.9696,0.715,5781.46,38150.16,32368.7,5889
405,406,1839,61.34716,5.6541,0.0113,-2.85703,-3.27477,9.18221,0.77487,-2.85767,21.4551,0.2406,559.63,28040.87,27481.24,600
406,407,121,38.84649,10.4072,0.3219,-3.75562,-1.97729,1.10427,4.78071,-2.38692,18.5818,0.7152,1916.15,2700732.54,2698816.4,1978
407,408,662,21.45069,8.8135,0.03,-3.0519,-3.58004,1.40062,6.17976,-3.27441,18.7801,0.033,1661.42,787221.1,785559.69,1675
408,409,1793,10.28714,22.5227,0.5393,-2.8657,-3.7215,2.18403,0.0298,-2.5334,18.3278,0.8454,3030.58,18767.66,15737.08,3116
409,410,1864,21.24706,13.8843,0.2488,-3.7545,-3.76089,0.91581,0.01049,-1.84165,17.9029,0.9452,2468.41,2645.93,177.52,2638
410,411,111,11.97079,47.6909,0.01,-2.10192,-3.35207,0.19229,3.95314,-3.03711,19.4071,0.699,5482.21,4612750.19,4607267.98,5667
411,412,1343,19.20357,16.3669,0.0519,-3.88715,-4.3933,1.05304,0.00461,-2.82025,19.2785,0.9606,2984.7,43454.36,40469.65,3110
412,413,2486,4.32881,32.8295,0.2537,-4.18277,-4.47998,1.1124,18.82344,-2.41594,18.0766,0.8655,3482.31,9465.44,5983.13,3529
413,414,1235,28.08249,7.7591,0.2341,-1.96947,-4.49794,23.22845,0.04406,-2.39844,20.3288,0.4545,1398.63,1534.34,135.71,1475
414,415,1802,46.39563,4.2841,0.3728,-3.70807,-3.86175,1.7401,0.01432,-2.15116,19.254,0.8463,771.75,845.15,73.4,814
415,416,597,45.48271,8.313,0.0625,-3.47327,-4.58412,0.91054,16.92244,-3.0277,21.1625,0.2569,1521.27,5846.24,4324.97,1580
416,417,1078,36.00954,18.4594,0.1574,-2.8085,-3.75187,1.32682,48.68235,-2.91872,20.3966,0.5701,3415.82,16270.04,12854.22,3507
417,418,2324,61.9725,10.9718,0.2581,-1.92501,-3.48835,17.19294,0.02815,-2.40788,18.8445,0.6173,1005.16,5675.19,4670.03,1045
418,419,2815,9.75416,6.2416,0.5156,-2.96873,-4.06489,1.40244,0.03949,-2.40583,19.68,0.3761,1160.37,1585.08,424.71,1186
419,420,2081,15.59185,15.4229,0.1523,-2.9844,-4.05025,1.2823,0.04226,-2.80847,19.6213,0.5279,2962.97,44455.86,41492.89,2930
420,421,1294,14.26604,7.8074,0.1121,-2.97888,-2.92355,0.77235,0.01271,-2.96281,19.7049,0.1075,1453.76,64044.09,62590.33,1484
421,422,617,38.50986,7.1092,0.0219,-2.20642,-4.19116,3.73359,22.37007,-2.23449,18.4124,0.6314,1337.56,2422.99,1085.43,1351
422,423,260,54.77798,22.7264,0.1335,-3.15184,-3.80428,0.66377,0.77654,-2.39116,16.6766,0.6024,2981.83,31685.78,28703.94,2845
423,424,1135,55.44565,32.79,0.1459,-3.74183,-3.66958,1.0799,20.78614,-3.3213,21.3546,0.4044,3506.46,35245.3,31738.84,3738
424,425,3037,33.12064,26.9229,0.0425,-2.70754,-3.98022,2.25861,1.30182,-2.95948,17.8544,0.8496,4897.81,1103814.42,1098916.61,5115
425,426,2624,56.06491,13.1483,0.0514,-1.78347,-3.6055,0.14911,0.53727,-2.81987,19.8294,0.5971,1803.46,207073.7,205270.24,1813
426,427,2234,52.76876,27.421,0.0716,-3.20456,-3.09056,0.93924,0.31481,-2.50051,18.5135,0.9468,3279.62,574384.07,571104.46,3482
427,428,1731,10.745,5.7553,0.2284,-3.44695,-3.4545,1.0317,0.30014,-2.2295,18.2107,0.978,1067.73,13800.09,12732.37,1094
428,429,733,3.44513,6.0797,0.0123,-3.25779,-3.97296,0.41657,7.55953,-2.45045,20.4179,0.3901,779.47,3592.95,2813.48,904
429,430,1635,53.67699,30.2239,0.823,-2.09482,-4.26324,1.28374,1.49741,-2.4922,18.338,0.9062,3479.93,10148.82,6668.89,3662
430,431,22,58.63581,25.0747,0.57,-3.66175,-3.52038,1.30119,0.00751,-3.16494,18.9485,0.3291,2622.28,29174.57,26552.29,2702
431,432,1108,50.59041,36.6384,0.1336,-3.36975,-3.68535,1.0838,0.05851,-2.95133,16.5908,0.1374,4452.73,341567.73,337115.0,4564
432,433,2355,38.19566,28.2736,0.0239,-3.65737,-3.69692,1.34013,4.80777,-2.84603,18.6018,0.0914,4693.43,766209.06,761515.63,4947
433,434,671,24.49854,5.4391,0.0071,-2.99367,-4.05629,0.97457,0.85789,-2.53374,19.9146,0.8104,1008.32,6248.77,5240.46,1034
434,435,2885,26.9007,26.2608,0.1026,-3.71683,-4.35708,1.16536,0.0071,-2.96989,20.9478,0.5954,4826.94,34539.3,29712.36,4989
435,436,3028,5.98306,30.2713,0.2011,-4.21307,-4.11265,0.94506,0.00278,-3.1652,18.2769,0.5752,3384.79,8951.84,5567.05,3443
436,437,335,11.28699,7.1064,0.1385,-2.85457,-3.86477,0.60943,0.0115,-2.44498,19.0972,0.502,1269.79,5400.23,4130.43,1351
437,438,14,34.95256,18.586,0.0901,-2.75819,-3.7622,1.23322,0.94169,-3.029,20.9458,0.4376,3516.29,83404.48,79888.19,3531
438,439,1365,52.42653,29.5443,0.7759,-2.52074,-4.26607,1.2507,0.20997,-2.29992,17.9164,0.9229,3574.44,6111.84,2537.39,3716
439,440,1347,38.07636,52.2752,0.0412,-2.17618,-3.99379,4.38086,0.00517,-3.06303,19.5726,0.4244,5761.62,24631.59,18869.97,5889
440,441,3098,40.49503,7.7388,0.0905,-3.25136,-2.60749,0.89507,0.17079,-3.09686,20.4572,0.0415,1392.24,489643.17,488250.92,1471
441,442,1401,51.71716,20.5745,0.1317,-3.71204,-3.30324,1.02075,0.02532,-2.60548,19.3265,0.6762,2832.2,152618.67,149786.47,2932
442,443,2584,49.5398,27.6565,0.3483,-2.06884,-3.35809,1.00571,0.14169,-3.02324,20.7863,0.7301,3596.55,14667.82,11071.26,3811
443,444,362,25.45863,91.1343,0.0585,-2.58879,-3.75432,0.17397,0.04076,-2.91275,20.9399,0.7538,5699.53,92534.97,86835.45,5889
444,445,1224,47.79932,23.6051,0.1609,-2.6551,-4.47556,0.9426,0.34595,-2.61522,19.2991,0.7216,3535.17,8892.13,5356.96,3592
445,446,2052,33.16307,29.4885,0.0183,-3.74019,-2.09061,1.68152,14.16081,-2.74817,20.8618,0.8695,5601.69,6578489.1,6572887.41,5541
446,447,530,18.19385,7.8827,0.1891,-3.53557,-3.6815,1.1319,11.77157,-3.0655,21.0288,0.2713,1382.88,499756.72,498373.83,1498
447,448,3084,40.29032,6.916,0.0128,-3.38813,-2.44142,0.49077,0.15147,-3.00323,20.8922,0.3115,1182.51,673517.59,672335.08,1314
448,449,289,11.23033,5.8665,0.1733,-3.54136,-2.42304,1.01738,23.12753,-2.60263,20.3734,0.2383,1061.75,59144.28,58082.53,1115
449,450,1666,49.69239,10.2568,0.0974,-3.82426,-3.96681,0.88802,0.02656,-3.01913,19.7342,0.0885,1909.52,9410.43,7500.91,1949
450,451,2470,58.39164,28.8922,0.9869,-4.00685,-4.05354,1.61499,39.98065,-2.77294,18.6851,0.5542,2999.85,34270.59,31270.73,3088
451,452,196,25.35714,14.4219,0.0051,-2.24529,-4.36242,3.3995,2.93574,-3.23396,20.8345,0.173,2763.68,36390.24,33626.55,2740
452,453,846,22.25887,60.5013,0.155,-3.96178,-4.10913,1.01669,0.1089,-2.48636,18.2205,0.6517,5762.06,20009.75,14247.69,5889
453,454,1810,13.27746,21.5151,0.0879,-2.98235,-4.77883,1.73444,1.57505,-2.88693,19.1134,0.254,3281.29,19802.44,16521.14,3305
454,455,2719,31.77289,6.4755,0.7918,-3.63961,-3.26685,1.51146,0.04821,-2.37057,17.664,0.9642,1174.72,6297.07,5122.36,1231
455,456,2094,39.49963,10.7769,0.3847,-3.74445,-3.2872,1.26901,3.79972,-2.4634,20.1368,0.5874,2110.12,5194.38,3084.26,2048
456,457,2954,7.48663,36.9345,0.2155,-2.70159,-3.5802,2.10239,0.01399,-3.0447,18.9996,0.8847,4129.3,23207.71,19078.41,4219
457,458,680,43.85354,39.6498,0.1623,-3.0331,-3.64928,0.56501,0.20364,-1.99762,17.7886,0.9326,5268.44,28697.05,23428.61,5490
458,459,2399,19.59779,10.9391,0.3484,-4.0038,-4.66346,0.80788,0.00855,-2.55368,17.8068,0.8279,2074.44,6130.91,4056.47,2079
459,460,2084,2.22025,50.9729,0.292,-3.70166,-3.70643,0.75573,1.43402,-2.72487,19.7656,0.9742,4948.29,74442.4,69494.11,5053
460,461,399,56.1969,10.8677,0.0192,-1.97642,-3.67273,3.36563,3.66181,-2.7776,20.937,0.9335,1496.75,45579.95,44083.2,1584
461,462,282,28.66547,220.3309,0.0125,-3.42241,-3.05278,0.80357,0.06106,-3.1698,21.5415,0.2165,5796.87,510609.25,504812.38,5889
462,463,2130,30.92792,15.6116,0.9258,-4.77794,-2.35949,1.57448,2.28316,-2.58393,17.7641,0.8116,2898.92,43314.57,40415.65,2966
463,464,668,12.68698,24.2156,0.0357,-3.59839,-3.591,1.20069,4.15578,-2.84491,17.8122,0.2676,3316.58,1332919.16,1329602.57,3505
464,465,2035,14.41891,11.7351,0.0619,-4.03276,-3.63134,0.9369,0.11444,-2.677,19.2851,0.8559,2187.67,143599.97,141412.3,2230
465,466,2851,61.24204,26.3777,0.0282,-2.71136,-3.7331,2.80344,1.21579,-2.71708,20.8702,0.9159,2521.46,25021.57,22500.11,2578
466,467,2302,42.8595,1.5857,0.0888,-1.88031,-3.95916,2.89122,2.06616,-1.6507,17.6511,0.6843,277.22,292.68,15.47,302
467,468,2491,60.79787,6.9203,0.6188,-3.57451,-3.67839,0.57783,0.71087,-1.40328,16.515,0.9593,756.38,978.97,222.59,772
468,469,2522,16.58003,15.3573,0.6479,-1.56432,-3.49427,1.86813,0.04546,-2.96762,21.211,0.2756,2848.88,4464.19,1615.31,2918
469,470,373,7.51639,31.8498,0.1687,-2.1179,-3.30529,31.12117,0.01045,-3.15889,18.7974,0.0271,3645.99,40494.56,36848.57,3739
470,471,486,1.30947,17.8693,0.0298,-3.16027,-3.98486,0.37104,0.16881,-2.35695,18.51,0.8898,1673.51,7997.38,6323.87,1822
471,472,1771,12.40501,10.4394,0.0469,-2.27871,-3.95943,0.47649,0.04682,-2.85047,21.4877,0.6745,1975.0,19230.39,17255.39,1984
472,473,618,16.64265,16.8838,0.0713,-3.00851,-3.85293,1.38962,12.22834,-2.78063,18.7572,0.6155,3193.87,47855.01,44661.15,3185
473,474,2681,17.10186,10.9939,0.0823,-3.90894,-3.80948,0.80336,1.03914,-2.26836,18.3165,0.6124,2075.92,6491.82,4415.89,2089
474,475,1534,53.23767,8.6873,0.8574,-1.42276,-4.21076,5.98646,0.1028,-2.09347,17.5611,0.8936,1560.24,1704.87,144.62,1651
475,476,585,12.7365,4.3208,0.2163,-3.66078,-3.58145,1.11921,0.30267,-2.32781,17.7669,0.9709,824.29,11173.52,10349.23,821
476,477,1921,51.81827,31.5937,0.3719,-3.59031,-4.00081,0.74833,0.2431,-3.65659,21.2179,0.1979,3911.29,13960.76,10049.46,3969
477,478,2154,25.30205,13.3078,0.0293,-3.04848,-3.74453,2.95765,33.78709,-3.01737,20.3541,0.2375,2539.63,25703.06,23163.43,2529
478,479,1495,61.58689,3.5751,0.9707,-2.39292,-3.755,0.33145,20.82637,-2.00295,16.8371,0.8073,401.25,442.72,41.47,379
479,480,895,61.24149,5.194,0.0035,-3.06007,-3.6712,2.34737,0.01308,-2.79118,22.3874,0.4449,542.12,6269.67,5727.56,566
480,481,1833,29.9122,16.3878,0.9595,-3.99424,-4.33129,0.62147,0.20094,-2.4439,20.5566,0.926,3061.7,3518.4,456.7,3114
481,482,857,44.74127,23.0159,0.0269,-2.36706,-4.14952,3.18166,3.00846,-3.08024,20.5942,0.6387,3671.09,71753.64,68082.55,3826
482,483,3103,54.57363,6.7373,0.9159,-2.35656,-3.84311,0.49592,0.43893,-2.55627,19.9899,0.8946,1270.75,2796.9,1526.16,1280
483,484,57,39.91279,21.6926,0.1881,-3.37862,-2.55659,1.14246,0.00443,-3.52564,21.6712,0.2458,4059.35,18905.68,14846.33,4121
484,485,1334,3.62754,13.9021,0.1767,-3.1718,-2.65295,1.56153,2.70584,-2.32372,17.4948,0.5921,1514.92,1247974.6,1246459.68,1666
485,486,2422,20.19299,17.0207,0.3263,-4.35269,-4.33427,1.18632,1.35948,-2.98919,18.1638,0.5025,3232.41,12427.07,9194.66,3234
486,487,1932,15.59946,21.3602,0.0433,-3.95027,-4.20024,1.37343,1.53474,-2.57274,19.3395,0.2776,3482.17,8846.8,5364.63,3510
487,488,919,32.2366,6.8404,0.4327,-3.10375,-3.16409,0.80291,0.21104,-2.7196,19.6922,0.8856,1220.09,11748.49,10528.4,1300
488,489,1016,32.19986,35.5751,0.1695,-3.58454,-3.94386,1.47833,0.05302,-2.89194,18.1503,0.9075,5516.14,54607.97,49091.83,5889
489,490,1322,15.94276,15.5805,0.216,-3.67373,-4.0124,0.92329,0.03101,-2.63822,18.3006,0.8527,2944.1,37301.65,34357.55,2960
490,491,2617,3.88477,17.5287,0.3488,-3.77089,-3.29605,0.84931,1.33072,-2.17466,18.6873,0.907,1982.13,31002.31,29020.18,2034
491,492,3040,2.80901,6.8296,0.0616,-3.22025,-2.43996,1.36115,17.10143,-2.72793,19.9282,0.2322,942.7,279696.91,278754.21,916
492,493,2378,51.49805,18.8345,0.4482,-3.37098,-3.24279,0.58553,0.24828,-2.6612,17.841,0.8089,2871.65,86913.11,84041.46,2787
493,494,1734,27.65634,7.2069,0.1392,-4.72588,-4.18183,1.17107,6.64831,-2.86246,19.8127,0.9273,1332.54,20967.05,19634.51,1370
494,495,1911,7.58537,9.8187,0.0698,-3.24449,-3.67244,2.37929,9.39091,-2.3576,17.793,0.5603,1559.85,49734.89,48175.04,1653
495,496,605,39.8948,15.9876,0.1494,-3.52708,-3.43307,0.88869,0.04212,-3.1296,19.1821,0.3158,2931.53,83270.52,80338.98,3038
496,497,89,26.89807,11.4833,0.0898,-3.54238,-2.88264,1.34502,13.84216,-2.55199,19.1161,0.7306,2050.57,494538.93,492488.37,2182
497,498,188,2.04496,9.0796,0.8132,-2.91149,-3.77561,1.81325,0.03939,-1.76397,16.1336,0.9988,1054.78,1064.63,9.85,1056
498,499,1584,14.36448,42.3405,0.0304,-2.20591,-4.15656,4.79201,0.1705,-2.76113,19.7497,0.6353,5342.27,46670.66,41328.39,5386
